,female_violence_fraction,female_violence_counts,prostitution_fraction,prostitution_counts,avg_commute,male_epop,female_epop,female_violence_share,violence_per_capita,female_violence_share,relative_sex_crime,swnftemp,swnauthemp,rate
0,,,,,18.761538245061054,,,,,,0.008088748730977119,179.0,197.0,0.3333333333333333
1,0.15673947977184824,8876.0,0.00014127037383672688,8.0,25.263338840374466,0.5093973481095707,0.46390830289333695,0.6262612008749036,0.02994639525522999,0.6262612008749036,0.015915594269615856,975.0,1034.0,0.4088397790055249
2,,,,,24.60544139649654,0.5232321953072866,0.47241362639082984,,,,,,,0.8265895953757225
3,,,,,25.542896431092792,0.48686979847307266,0.4005573982759231,,,,0.009395629950030907,1208.0,1347.0,0.5103115401491882
4,,,,,24.796895753158754,,,,,,,,,0.8095238095238095
5,,,,,29.45752510661714,0.4901059151440067,0.43921675920204206,,,,,,,0.45961820851688695
6,,,,,20.835139713650758,,,,,,,,,0.4473684210526316
7,0.0812101910828025,3060.0,0.0040339702760084925,152.0,20.92603198663347,0.5175150563813428,0.43694820065871953,0.606180665610143,0.031159532113206385,0.606180665610143,0.011718761220396104,479.0,494.0,0.631578947368421
8,,,,,23.840311292118912,0.5364622087646937,0.4938902788353458,,,,0.029335350640044625,385.0,399.0,0.32
9,0.12073149307156827,21991.0,0.0014054505127698359,256.0,25.36412634349084,0.5098615829234904,0.4815025804450209,0.6034189441334652,0.1687745735945871,0.6034189441334652,0.013481255290653882,265.0,288.0,0.2727272727272727
10,,,,,24.801447953483056,0.42378750825583317,0.3403236459709382,,,,,,,0.44
11,0.08113297326176426,9719.0,0.0015193128031321234,182.0,21.431692883960984,,,0.5811061285500754,0.11071686272432987,0.5811061285500754,,,,0.12244897959183673
12,,,,,23.536028416779438,0.47106077728098966,0.4270148296407349,,,,,,,0.3237410071942446
13,,,,,23.697078971338755,,,,,,,,,0.25
14,,,,,26.12714540824764,0.4610144826571916,0.44482994270094134,,,,,,,0.6111111111111112
15,0.0984598073000914,4200.0,0.0,0.0,25.664505954268776,0.4460792314687435,0.40127188360786065,0.6117989803350322,0.018338306357902824,0.6117989803350322,,,,0.34134615384615385
16,0.09036827195467415,319.0,0.0,0.0,27.980670096884378,0.5603297786279443,0.4783957525440491,0.617021276595744,0.00045398824723655523,0.617021276595744,0.005253486615629743,10872.0,11574.0,0.36808266360505165
17,,,,,25.696688226993874,0.42015413882470803,0.33511140038108206,,,,0.0029192882238754446,950.0,1066.0,0.5387523629489603
18,,,,,32.99894129652973,0.5262988839860309,0.48617359089706336,,,,0.011120145157145095,7850.0,8191.0,0.4458689458689459
19,,,,,23.618435091507052,0.4472097790600563,0.3776840014893882,,,,0.011407537774725278,639.0,633.0,0.32019704433497537
20,0.06231677170014972,8949.0,0.001378782075833015,198.0,22.602433608368294,0.5129934810694602,0.4569209510649447,0.5486481515541657,0.12415604186489046,0.5486481515541657,,,,0.6237623762376238
21,0.05590174297841596,1857.0,3.0103254161774885e-05,1.0,20.899231508165233,,,0.5319392724147814,0.031791854873961814,0.5319392724147814,0.007783961858263637,134.0,134.0,0.2222222222222222
22,,,,,21.71383971616601,0.46567848792589583,0.42284620398867884,,,,,,,0.22505307855626328
23,0.1245403285118902,1016.0,0.0,0.0,28.631377840789575,0.48256086012947597,0.4080143573350819,0.6496163682864449,0.0020529083305549927,0.6496163682864449,,,,0.39846743295019155
24,0.1005072197880468,23283.0,0.0005957134531954849,138.0,23.296794306831195,0.5019842452121887,0.3998860597330368,0.5939995407811826,0.09815175121634845,0.5939995407811826,0.013213536449215975,613.0,638.0,0.27502876869965476
25,0.12524044780766894,129109.0,0.0022960764932015007,2367.0,32.230875049363,0.5527048744558544,0.4979224014061229,0.5612751491122824,0.07304164263994975,0.5612751491122824,0.012666809804347841,25530.0,2683650.0,0.45197558625120465
26,0.08932824575900444,7351.0,0.0012273368006610606,101.0,31.493670710507804,0.5331365461537875,0.458121388908978,0.534890489703849,0.0804870335230867,0.534890489703849,,,,1.0
27,0.13226640047013746,16430.0,0.00038641431665043186,48.0,,0.5388870824486022,0.45184480301185526,0.5614214932513237,,0.5614214932513237,0.03889061843385997,3402.0,3680.0,0.13479052823315119
28,,,,,,0.3615557343984418,0.3064285482893148,,,,0.0045386772216706875,363.0,372.0,0.6339869281045751
29,,,,,23.041074799919922,0.4903926027312599,0.4525310182178618,,,,0.009357876751920806,1710.0,1754.0,0.5169590643274854
30,0.1306465011028042,13683.0,0.0,0.0,24.189210620408065,0.4651136841998492,0.4310269074967291,0.5633878206447891,0.08746745225430273,0.5633878206447891,,,,0.2518248175182482
31,,,,,29.032534996583557,0.42208201697713105,0.3818878404505086,,,,0.0040264677598568985,1056.0,1097.0,0.5660377358490566
32,0.0830937521912909,4740.0,0.0008239253909263021,47.0,21.534386660813418,,,0.5916125811283071,0.04631642232807655,0.5916125811283071,0.008753872076037698,296.0,311.0,0.5
33,0.13915878897192263,86720.0,0.0061026392350117835,3803.0,26.769882157969878,0.5084033011228292,0.4588867961934967,0.6189334246888196,0.30944419659618433,0.6189334246888196,0.008434661071601445,1226.0,1264.0,0.0
34,0.16449595409265275,10205.0,0.00033850220832393034,21.0,27.749921144369313,0.505642151065241,0.4395584925223281,0.623930056248472,0.010985106704501577,0.623930056248472,,,,0.4348302300109529
35,0.11891409909329201,11069.0,0.00042971939323621655,40.0,26.58737276597584,,,0.5621635347892328,0.133896391801651,0.5621635347892328,,,,0.4127659574468085
36,0.12329351172051525,14459.0,0.001398446360202262,164.0,25.10094135829571,0.4948107340309904,0.432260657299357,0.6142832866003903,0.06444141465578128,0.6142832866003903,0.0043742601486031615,545.0,536.0,0.31290743155149936
37,,,,,33.83276702734489,0.5138671855222571,0.4475085098023682,,,,0.014562361691582969,87100.0,88728.0,0.45179221774966455
38,,,,,21.523695393721706,0.4180711950599351,0.4072242701202259,,,,,,,0.42028985507246375
39,0.08571031218580225,37594.0,0.000344263902219932,151.0,26.487102375388332,0.5145969635802422,0.44447428557525487,0.5782180045218939,0.04655454013634764,0.5782180045218939,0.009644212312485778,2259.0,2635.0,0.41100917431192663
40,0.09050365989626254,9335.0,0.0003490232197392025,36.0,24.59318623683137,0.49690911650646996,0.37479957065051683,0.5468658465143529,0.10718793366529981,0.5468658465143529,0.013380718577958375,333.0,361.0,0.5277777777777778
41,0.15094589197068167,116398.0,7.780849772539826e-06,6.0,26.799435405831755,0.49271066651513007,0.45067693922959495,0.6319212582181032,0.12942389968570991,0.6319212582181032,0.014456063644386128,2337.0,2463.0,0.3226817042606516
42,,,,,21.056294593074316,0.504094823452694,0.45146008553829764,,,,,,,0.8571428571428571
43,0.04916922691077813,3921.0,0.0008527180387485108,68.0,24.078420465293533,0.5298152527729544,0.4399352636780861,0.5260968737421171,0.017856329976736224,0.5260968737421171,0.02005350209141286,1087.0,1095.0,0.7857142857142857
44,0.12257922535211269,25065.0,0.00020539906103286378,42.0,25.64765047910486,0.4987867699534169,0.45170672235374215,0.6102697701597191,0.08169987945528104,0.6102697701597191,0.009711322083040654,1703.0,1740.0,0.2037037037037037
45,0.11591250697138171,92695.0,1.6256136691601077e-05,13.0,25.459526363514453,0.5262590686183978,0.48168386987605194,0.5705255642475985,0.12899064126544574,0.5705255642475985,0.01152050241624697,4471.0,1004562.0,0.3457408732999284
46,0.12208713272543058,1687.0,0.0,0.0,22.18740146350479,0.512645331415558,0.4183434026847018,0.616368286445013,0.009825637122743274,0.616368286445013,,,,1.0
47,0.08926279513964909,105991.0,0.0007461655847546409,886.0,29.524663459545916,0.539827204848276,0.44283890210719035,0.6016848606640661,0.04240130864759762,0.6016848606640661,0.00830724781640004,138572.0,148120.0,0.27533632286995513
48,0.10703009288494443,9322.0,0.0017911064675017508,156.0,21.370934606481462,,,0.5915349958753733,0.06095334607143138,0.5915349958753733,0.010291715909326522,309.0,310.0,0.5263157894736842
49,0.11677443575906421,55677.0,0.00023280640783907415,111.0,,0.49127956771571457,0.4244319066613964,0.5910823292106795,,0.5910823292106795,0.012565892977417219,1068.0,1185.0,0.46449704142011833
50,,,,,27.742984004361606,0.4236289579595599,0.3634391025641027,,,,,,,0.4
51,0.06118443189890456,45822.0,0.0007103600403783604,532.0,29.258286654200695,0.5508679027051288,0.4795746893330499,0.531331168831169,0.049570881935195696,0.531331168831169,0.01619302514218348,32736.0,32874.0,0.29646522234891676
52,0.08304256803907882,18326.0,0.0012869196400250146,284.0,22.023324572930367,0.5502933255072441,0.493636039477104,0.5687065541211522,0.08466453674121412,0.5687065541211522,0.009698129163578642,1062.0,1067.0,0.23076923076923078
53,0.1394594833941077,340152.0,0.0005551287086820655,1354.0,28.766854721224398,0.47535251230888076,0.42103948647764405,0.6285864234261863,0.1869978737440041,0.6285864234261863,0.010865526169421102,22275.0,23751.0,0.3941766576951309
54,0.12768097425721045,4697.0,0.0002990186750754342,11.0,28.217090940136895,0.47747178658632916,0.42553952270551526,0.5674075863735198,0.07774594975346319,0.5674075863735198,,,,0.16666666666666666
55,,,,,21.753513090801704,,,,,,,,,0.4675324675324675
56,,,,,20.43474931073217,0.5281964875899162,0.4964144970605343,,,,,,,0.375
57,,,,,21.48538913276297,0.5161493522987046,0.4216702254784807,,,,,,,0.0
58,,,,,25.31229772445908,0.47431538286419306,0.36682620180362724,,,,0.01225754085324593,1331.0,1601.0,0.6918367346938775
59,,,,,21.55144912055826,0.46760602293134423,0.43848724346784207,,,,0.009448246173942736,182.0,189.0,0.3351063829787234
60,0.1247426629003687,5211.0,0.0,0.0,22.563656511644247,,,0.5742148760330574,0.04324620553265503,0.5742148760330574,0.00973495675414826,428.0,432.0,0.5757575757575758
61,0.11883479933050814,16685.0,0.0,0.0,18.740548956191898,,,0.5740383953760404,0.2216021286490856,0.5740383953760404,0.020031536055497123,135.0,136.0,0.28990825688073396
62,,,,,24.079646442043334,0.5012725876371759,0.37907029236014556,,,,0.004817463540766598,693.0,708.0,0.39384615384615385
63,0.12246335125270282,49388.0,0.0005157604491083297,208.0,23.031543705868014,0.5237290091241523,0.41767340844305734,0.5924237698822062,0.2822674576087542,0.5924237698822062,,,,0.39436619718309857
64,,,,,,0.4683705314224017,0.4571824615160138,,,,,,,0.5416666666666666
65,0.1346766195124498,15480.0,8.700040020184101e-05,10.0,27.813070030668904,,,0.6266445371007566,0.08823035684309401,0.6266445371007566,0.015987867321616087,411.0,411.0,0.1643835616438356
66,0.05677419354838712,5676.0,1.0002500625156295e-05,1.0,24.442215874882756,0.5496489028213174,0.5022046642028796,0.5229408512990604,0.05499455323892284,0.5229408512990604,0.011895409325378964,271.0,293.0,0.28
67,,,,,22.76287541955449,0.504364330688973,0.41438241261962705,,,,0.010088437049955141,579.0,590.0,1.0
68,,,,,24.219385914815582,0.4359041282443649,0.35199643653303,,,,0.0020521809854581762,1313.0,1391.0,0.0
69,,,,,25.855418613393464,0.39967806841046294,0.34548134500230315,,,,,,,0.5069124423963134
70,,,,,23.913283596550738,0.482691616864244,0.4035900128896741,,,,,,,0.75
71,0.05781105279407227,749.0,0.00023155294844087683,3.0,22.70616633053308,0.4956893167292197,0.40842938642449605,0.5119617224880385,0.014873630060389179,0.5119617224880385,,,,0.0
72,0.14871971797968,33623.0,0.0008979003286403657,203.0,23.60534267895079,0.5196828126318481,0.4514476190058755,0.6019801625666912,0.08791668896563233,0.6019801625666912,0.010035136966326488,412.0,427.0,0.15
73,0.07572244572060306,29589.0,0.00021496790836225162,84.0,28.21169383353368,,,0.5155776267642446,0.35892079851903713,0.5155776267642446,0.01617556886916317,174.0,191.0,0.7559055118110236
74,0.09916076184732903,9866.0,0.00035177647117945633,35.0,21.595838934376157,,,0.5866682523636796,0.08184012536133844,0.5866682523636796,0.018544533188284335,149.0,150.0,0.0
75,,,,,24.16047034411204,0.47106173357090486,0.41951292644741983,,,,0.005802387267904509,1264.0,1369.0,0.561817387505461
76,0.12125044150928585,27806.0,0.0002529139612867214,58.0,,0.47491880267829,0.39933586497181267,0.6185846810971941,,0.6185846810971941,,,,0.3333333333333333
77,0.12019292929860753,21381.0,0.0016639589856595968,296.0,,0.472957575757576,0.4050009030055522,0.5960026760327818,,0.5960026760327818,,,,0.29625425652667425
78,0.11898476216942255,2569.0,0.0055578713352785955,120.0,,,,0.6801694466507806,,0.6801694466507806,,,,0.12574850299401197
79,,,,,24.213273985161667,0.5226000022061338,0.4638547672034633,,,,,,,0.4982517482517482
80,0.1278043878310123,19585.0,0.00036543506349434243,56.0,25.367259502638923,0.522917015020158,0.4693084955163761,0.6135267213833726,0.03853843219254484,0.6135267213833726,0.007536253545088357,2512.0,2696.0,0.0
81,,,,,24.205137659783666,,,,,,,,,0.2857142857142857
82,,,,,,0.4423452865947381,0.3772630380894509,,,,,,,0.514018691588785
83,,,,,26.391419743305306,0.5269827456064785,0.3672656016473482,,,,,,,0.18571428571428572
84,0.0949345752384758,15207.0,0.0002621984717574787,42.0,31.139493595520808,0.5330902244144224,0.41938731872957496,0.5930504640823645,0.006740191407557104,0.5930504640823645,0.006830809786303856,18334.0,21978.0,0.39815826439831437
85,,,,,26.96989488234047,0.5052728563984474,0.451538986560287,,,,,,,0.42637091805298827
86,,,,,25.845379621432482,0.450888268976655,0.420863507364095,,,,0.010752711136144344,466.0,506.0,0.0
87,,,,,27.83235538296048,0.5022399346189405,0.422972951723093,,,,0.009763129415989875,2200.0,2250.0,0.4488267598602097
88,,,,,26.56682527291425,,,,,,,,,1.0
89,,,,,24.66494144260229,0.47129878569335293,0.42915503091350277,,,,,,,0.38461538461538464
90,,,,,24.56805344245666,0.439591400335202,0.42394596178806204,,,,,,,0.4339622641509434
91,0.11295373665480427,20631.0,0.00035587188612099663,65.0,21.38276968319744,0.5150528407020345,0.39393435167004975,0.5993202416918425,0.3033486076841734,0.5993202416918425,,,,0.2809917355371901
92,0.12468028861283881,43580.0,0.001416171245143533,495.0,24.901046544121876,0.5289226431309687,0.4658132489521293,0.5993178942736118,0.05412385905288454,0.5993178942736118,0.01033815453800911,10518.0,11049.0,0.6923076923076923
93,0.09287864810166413,25975.0,0.00048271867155821565,135.0,,,,0.5941760453838408,,0.5941760453838408,,,,0.0
94,0.1344080165559307,13574.0,0.0,0.0,21.734705838627207,,,0.580432737535278,0.09488645354475123,0.580432737535278,0.014844905466592449,445.0,473.0,0.3550420168067227
95,0.10209258459919233,17266.0,0.0014664057095215845,248.0,25.344274923320448,0.4708501668715964,0.38937585607857483,0.6075726652121889,0.049200564409317915,0.6075726652121889,0.008538824909442553,639.0,820.0,0.49337748344370863
96,,,,,22.866770543386195,,,,,,,,,0.05263157894736842
97,,,,,25.832714104426135,0.4995085580016743,0.42560061714789504,,,,0.0019589400769148163,622.0,670.0,0.14285714285714285
98,0.07923655292076338,274.0,0.0,0.0,22.898657353236665,,,0.5756302521008402,0.0036706586364582774,0.5756302521008402,,,,0.0
99,,,,,28.196983021486083,0.4243320616952401,0.3701007593000139,,,,,,,0.0
100,,,,,24.467135721893804,0.5317611406814561,0.4503028984598817,,,,,,,0.13793103448275862
101,0.10388504708621461,5979.0,0.0004343746742189944,25.0,23.087003180041535,0.4730805305002586,0.47813404987066443,0.5857170846394981,0.035097853144641096,0.5857170846394981,0.02268551019219936,2176.0,2366.0,0.20478325859491778
102,,,,,23.856390352093168,0.41483087395389034,0.30946688979201487,,,,0.007437543349204147,416.0,426.0,0.1597222222222222
103,,,,,26.364054381044973,0.48964683939823916,0.42268720440563595,,,,0.011830906790347123,3211.0,3620.0,0.43580246913580245
104,0.0759803921568628,8494.0,8.050665521683134e-05,9.0,22.909897892036835,,,0.5896973063038046,0.04609973339990336,0.5896973063038046,,,,0.42282608695652174
105,0.12439024390243901,204.0,0.0,0.0,20.420510420606576,0.5699531149863393,0.5390968277783729,0.5,0.0021447382946176534,0.5,0.01709304604097492,848.0,904.0,0.488135593220339
106,0.12998244762568564,35620.0,9.122855672774119e-05,25.0,24.687335452083637,0.4928482851421986,0.45537590877416684,0.5923437655901825,0.12886262139667254,0.5923437655901825,0.0095265541975892,1562.0,1638.0,0.6970509383378016
107,0.04943161360012342,5766.0,0.0,0.0,25.740141232989263,0.5013857003650061,0.45052410703314794,0.5482030804335419,0.012469694185433047,0.5482030804335419,0.006751166513727317,1717.0,1822.0,0.3361970217640321
108,,,,,18.13503424377404,0.5063661774982531,0.4380332117161659,,,,0.007134773649433979,439.0,495.0,0.1774193548387097
109,0.16880694915757297,34125.0,0.0017412467722627291,352.0,24.638774671052612,0.49466300701433397,0.4009660773448273,0.6049137610125327,0.3351393418762289,0.6049137610125327,,,,0.4772727272727273
110,,,,,,,,,,,,,,0.3980263157894737
111,0.0672043945346452,1933.0,0.0009734728644439036,28.0,23.568805487665596,,,0.5741015741015734,0.00830060670606188,0.5741015741015734,0.012014291164086331,1397.0,1407.0,0.39295154185022024
112,0.14177814177814166,20254.0,0.0036540036540036545,522.0,29.07649134470328,0.5757602354579552,0.477631964644073,0.5891901326506858,0.12502136666654542,0.5891901326506858,0.01758154655150363,495.0,537.0,0.0
113,,,,,,0.40761949514970813,0.32271359901505636,,,,0.0025723462654026587,568.0,582.0,0.3132780082987552
114,0.06437592410054209,20899.0,4.92853622474125e-05,16.0,21.10968627755756,0.44692891107006705,0.39811721550021995,0.5624360837504707,0.25895339842361637,0.5624360837504707,,,,0.31746031746031744
115,0.1782864193399974,85253.0,0.004312183696515954,2062.0,26.233328069524863,0.47454782396038897,0.42904339944051123,0.6482526309386216,0.15445470133652786,0.6482526309386216,0.009758257907252111,2842.0,3039.0,0.40051347881899874
116,,,,,28.09892003676472,0.3925176871504239,0.2910379692041313,,,,,,,0.34146341463414637
117,,,,,30.183289711181963,0.5036926574189168,0.42283922693426995,,,,0.005325625044202525,106902.0,111483.0,0.31221719457013575
118,0.08275767166643723,12028.0,0.0009150956378147785,133.0,25.07743013260016,0.5054339179761356,0.4724254616913478,0.5344352617079894,0.021797072029318458,0.5344352617079894,,,,0.3669008587041374
119,0.04975512811413156,1402.0,0.00021293207466818094,6.0,27.2361595675517,0.5561312537553968,0.5100498573265179,0.5243081525804033,0.0011889274131802877,0.5243081525804033,0.018051937407835478,7366.0,7466.0,0.3979706877113867
120,,,,,28.431511644558533,0.45008390067082116,0.3581015234920293,,,,0.006382760162994962,541.0,551.0,0.524671052631579
121,0.08108108108108113,24.0,0.0,0.0,22.968902762646987,0.4165898863651541,0.40364739410692735,0.6000000000000004,0.00035483642041019047,0.6000000000000004,,,,0.5
122,,,,,22.100393038799442,0.45996130154616244,0.43762596883346705,,,,,,,0.12121212121212122
123,0.12631002799511892,14077.0,0.0017407221305003235,194.0,23.890013280887608,0.44577396561956323,0.4012536922825282,0.6404167235339608,0.07886579073889356,0.6404167235339608,,,,0.16666666666666666
124,0.13643340745411697,65774.0,0.0009852809398957889,475.0,28.732496696628534,0.5296128986372464,0.4528963852027098,0.6223235658665361,0.0939200891472627,0.6223235658665361,0.009956848894870434,2695.0,2951.0,0.3238045738045738
125,0.12106475209970205,8937.0,0.0007450555405039281,55.0,26.319985951010484,0.49178288829491607,0.47736273768342263,0.5821012180029966,0.02615440176895269,0.5821012180029966,0.00565663648060593,1772.0,1826.0,0.33093525179856115
126,,,,,27.89240334563383,0.498904889166801,0.42131137562875776,,,,0.010783520121003448,3326.0,3669.0,0.5448717948717948
127,,,,,38.160828876098265,0.5123896791780286,0.4419365336103701,,,,0.007825515406741174,271445.0,275820.0,0.34533468559837727
128,,,,,26.92173203969375,0.3587982571071641,0.33080204189565177,,,,,,,0.0
129,0.09101556480197248,8859.0,0.0,0.0,23.934660930745846,0.5251151130591604,0.4394734227521108,0.5834815253902395,0.018461931310380063,0.5834815253902395,0.018151026945543616,2258.0,2463.0,0.41245136186770426
130,0.08564408564408554,244.0,0.0,0.0,,0.46745678623459486,0.4292180612660669,0.552036199095023,,0.552036199095023,,,,0.3333333333333333
131,0.09127959088364382,31468.0,0.002932619371531834,1011.0,22.139015605685692,0.5516415326660725,0.4877919554947244,0.595274577681933,0.09347332907782101,0.595274577681933,0.010737667527848193,1211.0,1235.0,0.4830508474576271
132,,,,,29.464078654688343,0.49966916427780717,0.44610068325007407,,,,0.00662913358638479,4060.0,4205.0,0.5113815318539728
133,,,,,27.141163918364647,0.5393032202394504,0.4426650415837002,,,,0.0058014248982925865,4940.0,5016.0,0.5146147032772365
134,,,,,25.668525344540182,0.43370640931126186,0.40588247811715294,,,,0.007882568123531978,872.0,900.0,0.37608318890814557
135,,,,,23.63759231996834,,,,,,,,,1.0
136,,,,,25.812094151400032,0.48725218540092063,0.41406863186608184,,,,,,,0.25609756097560976
137,0.11717666532456492,10477.0,0.00023486780297946567,21.0,31.20266619525507,0.49294622887991546,0.4528261183369239,0.5971842225262199,0.004365019533611699,0.5971842225262199,0.01470596685358431,9690.0,9786.0,0.38188976377952755
138,0.058903107266548495,18113.0,0.0001756069007008015,54.0,28.384754308944387,0.47475203133006394,0.4036248259697429,0.5139168676408006,0.012826055470278994,0.5139168676408006,0.007793136559696799,66464.0,69104.0,0.39055973266499583
139,,,,,28.454331901971653,0.5133383660624121,0.45124591259717806,,,,0.005527137689371103,1272.0,1344.0,0.3669950738916256
140,0.11516163443254024,4966.0,0.0,0.0,26.39944032022996,0.5347972825244378,0.49421869592238477,0.6079079446688702,0.022296948738034755,0.6079079446688702,,,,0.5
141,0.10049766053750396,26333.0,0.0004885011411081343,128.0,27.48957978108182,0.5180888539933229,0.44693475135802185,0.5786073696468987,0.02958843014429812,0.5786073696468987,0.00881411717735317,6765.0,7194.0,0.4958852078497573
142,0.16129749545516,161037.0,0.0026472753496897504,2643.0,27.1745005400862,0.5096345598868376,0.46699261514231916,0.592649158705157,0.2496400888224955,0.592649158705157,0.010530274539300487,2351.0,2390.0,0.5819672131147541
143,0.0405322360862479,3034.0,0.00028054612979934267,21.0,23.539820716099264,0.48951586816662496,0.35515206868207067,0.49868507560815223,0.023127188130780386,0.49868507560815223,0.011976746472779578,240.0,252.0,0.46308724832214765
144,0.08195508586525767,1551.0,0.0,0.0,22.285034686203314,0.39590470668845174,0.40435564692277964,0.5704303052592864,0.02558047642343731,0.5704303052592864,0.005133933772831709,329.0,333.0,0.6098901098901099
145,,,,,25.555604131691865,0.48616653638869456,0.4503872093379183,,,,,,,0.4
146,,,,,27.015071687029735,0.5227818170689672,0.46536968562529746,,,,0.005903897066002281,3048.0,3231.0,0.44036697247706424
147,,,,,26.780037209909572,0.4990788096747092,0.46936654302034,,,,,,,0.13829787234042554
148,,,,,21.19455450328565,0.37089090312432804,0.36087090118958765,,,,,,,0.3320754716981132
149,,,,,23.418105538723104,0.4912486752581807,0.457357890454529,,,,0.00428388966416533,798.0,823.0,0.34278668310727495
150,0.1496413303383814,10326.0,0.0002173755524961959,15.0,26.57395513247912,0.5092599444336056,0.4688518377580152,0.6212622585885332,0.020254642323562447,0.6212622585885332,0.004631458986886403,4129.0,1002294.0,0.2
151,,,,,33.57571919551938,0.44729395824284024,0.3543023328180387,,,,0.0060984311649687414,58476.0,11039358.0,0.4942363112391931
152,0.15197157411483553,9666.0,0.0026256210301238946,167.0,23.97057757677226,0.505759090512459,0.42507581785265425,0.5964825671089177,0.07435976267282163,0.5964825671089177,,,,0.3391304347826087
153,0.17515553835620515,58840.0,0.0010716518322269521,360.0,25.253643046525468,0.4778245539557322,0.4143928395880251,0.6208060772314826,0.4114858293970548,0.6208060772314826,,,,0.5
154,,,,,23.46173702562714,0.4361761228472534,0.4324681147867683,,,,,,,1.0
155,,,,,27.875455904542385,0.4579115442832348,0.40669550065893595,,,,0.006584119106854227,19986.0,21216.0,0.13033175355450238
156,,,,,22.632578010924245,,,,,,,,,1.0
157,0.15373765867418915,109.0,0.0,0.0,,0.4201998467732726,0.46059517701385344,0.6089385474860336,,0.6089385474860336,,,,0.37142857142857144
158,0.0782038834951457,4833.0,0.0004854368932038836,30.0,27.380816965403174,0.5069528704896081,0.46090325100174956,0.5310989010989007,0.0048385904707416785,0.5310989010989007,0.008185760151768987,3496.0,3624.0,0.41954022988505746
159,0.07511627906976738,8721.0,0.0002842377260981915,33.0,24.522321891527543,,,0.568476631249592,0.06081640905288783,0.568476631249592,0.005655890455759636,844.0,904.0,0.72
160,,,,,24.874994766527294,0.45058482713049874,0.38797248973009035,,,,0.007963062657207504,586.0,643.0,0.375
161,0.08276042884050072,66920.0,0.0008285936539619767,670.0,24.80577774878887,0.5334829133586468,0.4353261746105849,0.5320231507981935,0.1875086648072424,0.5320231507981935,0.013178924840104576,3638.0,3690.0,0.23943661971830985
162,0.0625,7.0,0.0,0.0,27.332947757055233,0.5003555370897944,0.42671463884137495,0.2916666666666665,1.735607654319024e-05,0.2916666666666665,0.006362505320681837,3468.0,3881.0,0.23346303501945526
163,,,,,26.806248568104674,0.5096629663683633,0.4286291542065047,,,,0.009701915711688606,25150.0,27575.0,0.3757396449704142
164,,,,,32.746535416307616,0.543720252819913,0.46463948136914224,,,,0.006226773656246174,58040.0,59744.0,0.4522343281225328
165,,,,,27.878764913823186,0.5454527933804304,0.4361050803065648,,,,0.009284202253220339,7173.0,7422.0,0.5356576862123613
166,,,,,22.769914957390025,0.48099171225980053,0.44977943671530374,,,,,,,0.2
167,,,,,28.171888535332307,0.5328636912666082,0.46330550029213635,,,,,,,0.4603174603174603
168,,,,,27.71674541980017,0.5081271387207164,0.4546928782085423,,,,0.016599375752146293,595.0,611.0,0.07692307692307693
169,,,,,25.470208419545322,,,,,,0.0033806120558391157,791.0,884.0,0.4351378958120531
170,,,,,23.49848812711141,0.4811435998469943,0.423505603625717,,,,,,,0.2675
171,0.06809809066534235,57044.0,0.0016342873241857812,1369.0,30.62006902521214,0.5497440375278488,0.465249856404365,0.532151686179393,0.04485970435573729,0.532151686179393,0.005905078313122439,19990.0,20650.0,0.4387838948233361
172,0.14452516865594173,11140.0,0.005708354955889979,440.0,,0.48049657756035424,0.41166139956918,0.601836844948676,,0.601836844948676,0.01097697262286329,1523.0,1636.0,0.22972972972972974
173,0.11261349023886522,2890.0,0.0012469313798075048,32.0,20.064715618171732,,,0.6244598098530681,0.030419550542595923,0.6244598098530681,0.025259222368926627,299.0,301.0,1.0
174,0.10645624103299858,371.0,0.0,0.0,,,,0.5361271676300573,,0.5361271676300573,0.010618380207135389,383.0,379.0,0.275
175,0.1470874975887722,28213.0,0.0012772990078775467,245.0,,0.4810063716762074,0.4564123558854224,0.5713793871640646,,0.5713793871640646,0.004880744440165965,911.0,958.0,0.6206896551724138
176,,,,,23.670465448553497,0.494840046495174,0.454862713145572,,,,0.008675404174334085,542.0,555.0,0.30823117338003503
177,,,,,31.376870004509122,0.4419799438245328,0.3536097735277598,,,,0.005859445183025281,559.0,579.0,0.4016393442622951
178,,,,,22.835674322427163,0.4896192286467592,0.4463920444696118,,,,0.012246664382649076,883.0,1000661.0,0.2601626016260163
179,,,,,24.16411991670748,,,,,,0.0123868365441462,2372.0,2384.0,0.3702770780856423
180,,,,,28.267633379692114,0.471106653716864,0.421290322145451,,,,0.007115716430613236,14778.0,15171.0,0.48719392063045314
181,,,,,23.832579025528613,,,,,,,,,0.32727272727272727
182,0.07433917889462649,8724.0,0.0,0.0,,0.4716693216535187,0.4420932295729113,0.47487888519949917,,0.47487888519949917,,747.0,766.0,0.40102389078498296
183,0.09750068662455372,710.0,0.0,0.0,22.180361090641107,0.4709952925965378,0.42761897330524323,0.5753646677471631,0.007861875637104996,0.5753646677471631,0.006370184193888975,938.0,989.0,0.5376884422110553
184,,,,,29.577456218281824,0.5059235177430021,0.44617302630877875,,,,,,,0.5
185,,,,,26.33899097570699,0.4591418659999228,0.40039023157162973,,,,,1656.0,1719.0,0.3662551440329218
186,0.12192032005334227,7314.0,0.0008834805800966827,53.0,23.3449806192691,,,0.6363873662229187,0.018546369959173133,0.6363873662229187,0.013536891634572201,2948.0,3128.0,0.3063583815028902
187,0.09895858798220306,2024.0,0.0005378184129467557,11.0,24.040907402613474,0.49587565286102486,0.41267261666888705,0.6018435920309245,0.024806190114404998,0.6018435920309245,0.010172355946031277,176.0,184.0,0.6331658291457286
188,,,,,22.079577059556897,0.45120862719850197,0.4451879199902879,,,,,,,0.526984126984127
189,,,,,,,,,,,,,,0.0
190,0.14232759004857426,70264.0,0.001620489468844064,800.0,26.123631363220987,0.5316561886002885,0.46398898440055913,0.5859141775487406,0.10949580906119313,0.5859141775487406,0.0059630575144900555,15530.0,16425.0,0.20801526717557253
191,,,,,23.65083701831964,0.4192393383495508,0.31382172054135526,,,,0.007883068117141033,572.0,593.0,0.40131578947368424
192,,,,,21.229937926406453,0.48824466770628294,0.433173201345756,,,,0.010840159308639389,272.0,275.0,0.2781954887218045
193,0.1093537882057519,27871.0,0.001365401969631577,348.0,37.328295919999405,0.570236180615634,0.5008144650323569,0.5571859818876073,0.012935132975525359,0.5571859818876073,0.006751015728162742,23220.0,24476.0,0.5368098159509203
194,0.10676249886990333,23618.0,0.0008950366151342556,198.0,18.59478717419837,,,0.599015927767069,0.36868238220360366,0.599015927767069,,,,0.5268817204301075
195,,,,,20.49269793056897,0.5405789042378829,0.4727895224710701,,,,,,,0.46794871794871795
196,0.1312610056740364,26835.0,0.0008413226374486408,172.0,20.875242628141,0.5122618527911167,0.434538557462254,0.575808943438332,0.11530734439792961,0.575808943438332,0.011526901439125221,909.0,935.0,0.32540861812778604
197,,,,,21.488044281878697,,,,,,,,,0.2661290322580645
198,0.13875865603578316,23825.0,0.0014851398652308365,255.0,,0.5193250699579806,0.47960500198491485,0.5577143659729865,,0.5577143659729865,0.005527286330401636,680.0,709.0,0.30851063829787234
199,0.07981022206350717,10951.0,0.0007069301013752334,97.0,21.86871439053868,0.4588815922982641,0.3591889594884452,0.5562836533577166,0.1347562394753776,0.5562836533577166,,,,0.0
200,0.17831857571695586,47225.0,3.7759359601261144e-06,1.0,,0.4505880747513268,0.4093823636434289,0.6329580485189653,,0.6329580485189653,,,,0.2578947368421053
201,,,,,30.63443202085334,0.419650634461002,0.34114608132558816,,,,,,,0.0
202,0.040816326530612276,2.0,0.0,0.0,21.098628366669598,0.4446321194513879,0.3255552144099893,1.0,1.6474600285010578e-05,1.0,,,,0.8109090909090909
