31000US15420,-113.608999502,42.4148654923
31000US37740,-110.811881838,33.7999599092
31000US47700,-85.8607744725,41.2439661237
31000US21900,-80.2433227978,39.5099513853
31000US37420,-100.81253481,35.4012659511
31000US24860,-82.4140196086,34.6848866302
31000US36420,-97.5041067515,35.4295774646
31000US26580,-82.3790887253,38.3815207825
31000US15580,-112.656891188,45.9024013608
31000US28820,-77.6413255882,35.239079816
31000US32860,-91.8962434464,44.946645652
31000US47820,-76.8451561884,35.4858043298
31000US10940,-84.6047192329,43.2927877739
31000US39900,-119.659158366,40.6188799599
31000US17660,-116.700080869,47.6745190367
31000US10580,-73.9421208272,42.7885865573
31000US14220,-90.0406864511,30.8533970743
31000US33500,-101.207778912,48.3185839231
31000US14540,-86.4072178344,37.0390248483
31000US17060,-83.0570076855,39.3374737989
31000US32900,-120.717595118,37.1917926822
31000US28260,-99.031196671,40.7348534178
31000US10460,-105.741970523,32.612914456
31000US49820,-99.1686016974,27.0007423055
31000US20300,-101.89306503,35.8376880945
31000US28380,-90.0908710521,36.2721953193
31000US10740,-106.364025706,35.4864426022
31000US37100,-119.328337662,33.9023531268
31000US43100,-87.6347554506,43.7194701995
31000US28940,-84.33916798,35.7660618112
31000US37900,-89.5159064087,40.7892325273
31000US24260,-98.2796636232,41.0333266296
31000US34100,-83.3817893446,36.1106481546
31000US42100,-122.009790298,37.0216127334
31000US16180,-119.747219796,39.1511792321
31000US49340,-71.9274459925,42.2229863521
31000US44920,-110.955903147,40.8680941129
31000US24380,-107.999601616,34.9124648384
31000US23980,-85.8215803401,36.9747635589
31000US37080,-78.6529798314,36.3039801538
31000US23820,-119.616641169,38.9120766942
31000US49220,-90.0414573377,44.4553655605
31000US21580,-106.692951585,36.5098668816
31000US30820,-77.6382907397,41.2340589414
31000US29940,-95.2926704831,38.8846565995
31000US45000,-120.594284364,40.6736458618
31000US20780,-106.695626442,39.6277910775
31000US20140,-82.8506276184,32.52854848
31000US10300,-84.0663777277,41.895044066
31000US41220,-81.6364001278,30.9225617645
31000US12940,-91.1327543194,30.5712782028
31000US24300,-108.466560348,39.0184036066
31000US11020,-78.348607744,40.4809515425
31000US33340,-87.7970456663,43.1803475347
31000US12860,-78.1937825611,43.0010045775
31000US47340,-85.7940044115,40.8456461341
31000US33020,-91.8415742313,39.2157728707
31000US24700,-85.5011502459,39.3070183816
31000US35820,-100.775387383,41.2338575866
31000US12780,-95.9043617624,36.7151141141
31000US47260,-76.3758282735,36.8574749254
31000US11180,-93.464974668,42.0361086637
31000US41420,-122.90261708,44.9033128071
31000US22620,-90.747854669,35.0221169445
31000US22140,-108.320763048,36.5079253161
31000US46020,-120.768503818,39.3013717426
31000US40820,-92.6648257073,32.6016560671
31000US30220,-102.343165562,33.6077409702
31000US48060,-76.0520642275,43.9989960069
31000US22780,-92.2076314791,37.8245784344
31000US23300,-89.6624001443,42.3516722757
31000US48100,-81.8098204056,27.4928417949
31000US16860,-85.359096193,35.0519742742
31000US29060,-71.4232226521,43.5185808565
31000US48260,-80.7043315094,40.3880533604
31000US11460,-83.8388271021,42.2532648337
31000US29340,-93.2566296126,29.985265588
31000US12420,-97.6545309422,30.2625644018
31000US47780,-87.0719891338,38.702421699
31000US32420,-67.504985759,18.2285158408
31000US27340,-77.4159436613,34.7093080389
31000US39860,-92.722553685,44.4097044731
31000US11540,-88.3709491138,44.2887982576
31000US27300,-90.285143779,39.6937078188
31000US17980,-84.9087300403,32.4414734142
31000US23780,-100.970682645,38.0266309114
31000US46500,-83.7695555773,40.1376360551
31000US45700,-83.5266148386,31.4573925743
31000US28620,-75.820437917,35.7196746752
31000US16100,-104.304198462,32.4713651274
31000US49660,-80.567641047,41.2379684331
31000US22020,-96.9657210005,46.917904572
31000US38220,-91.949983524,34.0773111071
31000US39980,-85.0098655927,39.8644292581
31000US24340,-85.8119054522,42.9832895508
31000US14820,-82.7982596841,35.2022201919
31000US27380,-95.1652233372,31.8372287955
31000US32220,-94.3715713142,32.548125003
31000US13740,-108.717684951,45.7801804287
31000US21120,-99.6818824626,35.2687054193
31000US45820,-95.803191241,39.0436409148
31000US44420,-79.1289265777,38.1628655149
31000US24580,-87.8250006549,44.6989659027
31000US25500,-78.875765988,38.5104646146
31000US49460,-97.3945654842,43.0089650834
31000US21820,-146.563336916,64.8085420152
31000US28860,-92.5726760385,40.2890973258
31000US32820,-89.8151853867,35.0077102408
31000US18140,-82.8366630068,39.9683053816
31000US10900,-75.4032686723,40.7895657272
31000US20180,-78.4739939056,41.0004197045
31000US25880,-84.5929350538,41.8876596112
31000US18060,-88.4432710923,33.4728620808
31000US14260,-116.141842627,43.0165984844
31000US37260,-81.7443559557,29.6088206755
31000US10860,-98.089944127,27.7313034572
31000US14500,-105.147243413,39.9945928025
31000US23420,-119.64895441,36.7583059585
31000US25180,-77.9005010799,39.5466390505
31000US36100,-82.0564188628,29.2102435297
31000US28340,-85.4174921158,41.3985010137
31000US10700,-86.2293052899,34.4493614326
31000US14460,-71.0223011705,42.5183550024
31000US43140,-81.5557611645,35.3341289037
31000US11820,-123.716719904,46.0174808772
31000US15100,-96.7905115685,44.3695510086
31000US48300,-120.265763449,47.8185430073
31000US32700,-97.6481938862,38.3917792604
31000US26380,-90.6576412768,29.4050835591
31000US42820,-87.106558719,32.3260126619
31000US17020,-121.600716596,39.6671344425
31000US43020,-88.7492409626,44.8510071333
31000US32940,-88.6635928749,32.4133708926
31000US19140,-84.8480289332,34.7963197559
31000US49380,-95.7534865938,43.6745081619
31000US21380,-96.152530383,38.4560161188
31000US11980,-95.8535180684,32.2119981206
31000US19660,-81.1894102322,29.1797153484
31000US20980,-92.5974174337,33.1714869982
31000US21220,-115.534492485,40.921555758
31000US23860,-79.2993448297,33.4128239377
31000US49260,-99.2650366724,36.4227642544
31000US21540,-86.8710891809,45.7914958075
31000US11380,-102.63761288,32.3046501276
31000US35300,-72.8998464817,41.348739642
31000US31080,-118.363315442,33.5048886737
31000US12980,-85.0056245303,42.2464007585
31000US32460,-88.6511271504,36.7231862575
31000US39220,-110.588579654,39.6480183371
31000US10260,-66.7539585716,18.1797237903
31000US12820,-91.8018331167,32.8202216959
31000US15780,-92.7075464006,33.5768899514
31000US35860,-85.6279576479,38.9969401704
31000US39700,-97.5917787957,26.4770668585
31000US47220,-75.1292552948,39.3282053615
31000US30300,-116.943800747,46.2690145422
31000US25840,-119.065148998,45.524971132
31000US24420,-123.555644065,42.3656169757
31000US35900,-81.1629457659,36.2062355833
31000US38820,-123.93347416,48.1103956638
31000US32000,-82.0486379545,35.6811889333
31000US29780,-104.815813572,35.4801071688
31000US48660,-98.4912840575,33.7749891679
31000US30880,-81.935370982,37.8315748188
31000US40900,-120.997521095,38.7804668727
31000US23340,-96.6538758536,41.5779234111
31000US48140,-89.7590991824,44.8983068766
31000US24640,-72.5916743933,42.5827790834
31000US48220,-99.0013445557,35.6387675598
31000US39780,-122.233854106,40.1257317501
31000US29300,-85.0283812834,33.0335774042
31000US24900,-90.1065487114,33.4986453396
31000US12460,-84.5790253087,30.8781291988
31000US17780,-96.4889962613,30.7565867749
31000US31220,-86.5449234735,43.9960726552
31000US23180,-84.932928042,38.1238968353
31000US12300,-69.7673516325,44.4090464442
31000US16020,-89.7698360002,37.3244141058
31000US17820,-104.657678236,38.8424468507
31000US11500,-85.8260255299,33.7714806661
31000US19340,-90.466078327,41.3969987534
31000US15540,-73.0308125397,44.6872164831
31000US30700,-96.8708446364,40.8199872226
31000US12260,-81.9828532274,33.4608092316
31000US45740,-83.2933330377,34.5539082976
31000US27900,-94.3400334715,37.0564486396
31000US30020,-98.4347881979,34.5240848563
31000US45620,-83.919322384,30.8636521162
31000US47460,-118.249206875,46.2568686043
31000US22060,-93.2966942447,44.3541883885
31000US48940,-83.8083287259,39.4150051812
31000US22100,-90.4722703252,37.8102713775
31000US33100,-80.4652585098,26.1309482618
31000US22260,-95.7076872511,46.4086706008
31000US13780,-76.0246206205,42.1645426557
31000US45340,-105.631019434,36.5779323652
31000US36700,-80.800780186,33.4390854564
31000US19100,-97.0250861689,32.818529539
31000US13020,-83.9418985094,43.7214398451
31000US37500,-90.5591337201,36.1176606856
31000US26980,-91.6498813381,41.5113542846
31000US14100,-76.4589438511,41.0443590867
31000US13140,-94.0718784357,30.2774512023
31000US31420,-83.7150407432,32.8578346463
31000US19860,-102.655122974,46.8108002893
31000US38940,-80.4209792594,27.2244496349
31000US40300,-89.3205912601,42.042746891
31000US22580,-81.9201351656,35.4022999043
31000US11940,-84.6174293662,35.4247302483
31000US38860,-70.4170515679,43.6533155061
31000US17300,-87.5624065513,36.7468231189
31000US22660,-105.461826569,40.6667441238
31000US17580,-103.346964931,34.5740019703
31000US38780,-103.480178563,34.0211596526
31000US40860,-73.0366981798,43.5800088146
31000US13720,-82.5000122573,37.0422067343
31000US18100,-97.5210515972,41.5712126631
31000US15060,-124.214922893,42.4665817654
31000US32280,-88.7178655765,36.29824189
31000US23240,-98.946598421,30.3181318295
31000US26740,-98.085970588,37.9530107357
31000US47300,-118.800573571,36.2199649922
31000US25780,-78.408397154,36.3646888829
31000US26960,-85.0745221778,42.9449842709
31000US27160,-82.6183555295,39.019580165
31000US10820,-95.4534915428,45.933723401
31000US34020,-91.4729297975,29.6346358553
31000US18880,-86.3674020133,30.6399764773
31000US15180,-97.4530369051,26.1515997592
31000US34740,-86.5348574705,43.290185207
31000US15700,-76.0833921266,38.42247215
31000US36140,-74.8500884853,39.0851572356
31000US28300,-72.2512408269,42.9193913261
31000US14420,-101.354659264,35.8400667665
31000US43180,-86.4588129147,35.5137624611
31000US38420,-90.7061334999,42.867604903
31000US14780,-96.4034862625,30.2145461881
31000US44220,-83.7839348078,39.9168002714
31000US36020,-122.57529071,48.1629895464
31000US42860,-83.0659057911,34.7534313939
31000US25300,-91.5700499096,39.6608872693
31000US43060,-96.9483325421,35.2067862389
31000US28500,-99.3499076895,30.0614532905
31000US43340,-93.6687573107,32.4895000694
31000US42940,-83.5241365649,35.7846661804
31000US21260,-120.679680537,47.1241785476
31000US24060,-107.659928238,39.5051601103
31000US48980,-77.9186618783,35.7049922721
31000US31680,-92.9458478512,34.3176200832
31000US21500,-80.098146057,42.1174346605
31000US15460,-91.058539136,40.8728020683
31000US41940,-121.377104097,36.9105348193
31000US20700,-75.3394871968,41.0579212197
31000US49100,-91.7792482744,43.986854006
31000US10380,-67.0007480589,18.3591881713
31000US25940,-80.835090199,32.3852512764
31000US21460,-85.9882415962,31.402595773
31000US10220,-96.684376444,34.7280280616
31000US35460,-83.1211492817,35.9254024171
31000US18580,-97.4011368886,27.8929113936
31000US46100,-86.1159967493,35.2980002278
31000US24780,-77.3746475157,35.5935499313
31000US39740,-75.9261476054,40.4161522151
31000US12700,-70.2382637966,41.7735533876
31000US27600,-83.5663597724,34.1338681835
31000US11100,-101.910131867,35.2489389762
31000US24460,-98.7564277462,38.4789385681
31000US35940,-82.5984956533,41.1462259791
31000US43700,-84.5771948749,37.103875461
31000US16980,-87.8297996598,41.824670707
31000US20380,-78.869373337,35.3685763213
31000US39540,-87.6964416392,42.7512132843
31000US24540,-104.684755846,40.292997538
31000US25540,-72.5728596885,41.7179912188
31000US49420,-120.739009242,46.4570574548
31000US46860,-109.517981274,40.1247571093
31000US47620,-79.2739947211,41.8145607038
31000US30140,-76.4576405721,40.3671438694
31000US32620,-90.6602670801,31.1747182109
31000US24940,-82.3006451596,34.1899537203
31000US32140,-95.8391329471,44.4134074328
31000US15340,-82.9197077597,40.8507693959
31000US31260,-94.6118361837,31.2548068038
31000US28740,-74.2583247167,41.8882897106
31000US23140,-86.475253127,40.3016620061
31000US17860,-92.3096897984,38.9904585445
31000US38460,-73.6782646201,44.7459788262
31000US32500,-83.8241731737,38.5951367335
31000US29200,-86.9297903922,40.5143893188
31000US17900,-81.0424011189,34.0917968725
31000US31340,-79.219939231,37.365014344
31000US13420,-94.9375543214,47.9737264071
31000US12220,-85.3556505385,32.6011850566
31000US45780,-83.6934469945,41.5405922701
31000US27580,-66.5884504434,18.2106506235
31000US27940,-134.234635531,58.4460794928
31000US34420,-94.9657268502,33.216640848
31000US12180,-76.5744047852,43.0103289409
31000US41740,-116.769912967,33.0283919147
31000US27860,-90.6482553904,35.6983139564
31000US30620,-84.1058841152,40.7714786896
31000US45660,-83.1276442708,41.1239099448
31000US16740,-80.8670577763,35.1890191814
31000US47940,-92.4711384181,42.5361513723
31000US23540,-82.4765505638,29.6884140444
31000US19180,-87.7330380866,40.1835217703
31000US45540,-82.0809994025,28.7047372682
31000US23460,-86.0347962194,34.0451895502
31000US19620,-101.151636511,29.8930233592
31000US38300,-79.8313096286,40.4390159122
31000US33140,-86.7424986954,41.5491332953
31000US22220,-94.1215463655,36.1960867025
31000US33660,-88.1975152575,30.6852808036
31000US36740,-81.3635290828,28.4345048723
31000US27420,-98.9589196926,46.9793815336
31000US37540,-88.3013036063,36.3317676361
31000US36660,-92.0058002294,30.5989686776
31000US27260,-81.758021191,30.2341268904
31000US14140,-81.3592799366,37.2506629571
31000US13100,-96.6894166596,40.2618752939
31000US44860,-95.56397775,33.1495246167
31000US36980,-87.0693686626,37.6996320293
31000US31460,-119.762585454,37.2180100057
31000US19820,-83.2058725455,42.7161669491
31000US40340,-92.3380841284,43.9559848092
31000US31500,-85.4386729184,38.7857069295
31000US14020,-86.6761311176,39.2346905007
31000US44540,-103.110073882,40.7244427517
31000US40460,-79.747808527,35.0060178928
31000US17340,-122.753203931,39.099622909
31000US31660,-74.3037484168,44.5930569445
31000US14380,-81.6963644073,36.2311097689
31000US19980,-99.8881284004,37.6917974996
31000US44620,-89.5014210262,44.4760741577
31000US17460,-81.6615138109,41.5924182196
31000US40940,-109.88745957,32.9325787208
31000US22700,-94.1817728994,42.4278622727
31000US28020,-86.0370340825,42.2713122778
31000US48180,-82.3656478206,31.1375846488
31000US44780,-85.5278878359,41.9143839287
31000US25740,-112.295995727,46.8128766068
31000US18020,-85.8975212434,39.2060046633
31000US26020,-103.412404573,32.792098692
31000US46340,-95.2692430036,32.3752633723
31000US14580,-111.170375863,45.5404283833
31000US34060,-79.8046998629,39.5273112105
31000US18380,-83.7681555635,31.9229085064
31000US24220,-96.8444066324,47.8359833557
31000US26140,-82.5200271845,28.8476378048
31000US34700,-91.112863456,41.4838268344
31000US22520,-87.7241735133,34.8082514271
31000US17640,-66.2619635776,17.9729812163
31000US10780,-92.5418904722,31.330598572
31000US30280,-86.7650077228,35.4688766638
31000US37940,-86.0450716394,40.7694740288
31000US10620,-80.2508959788,35.3120112239
31000US34660,-88.2721764036,36.6210989109
31000US44260,-88.8791497334,33.4250375479
31000US45520,-121.168217169,45.1599527493
31000US44740,-95.151134741,42.7354019079
31000US10140,-123.828293958,47.1442598001
31000US29620,-84.6068896879,42.7134288524
31000US36340,-79.7579976435,41.4008989608
31000US25260,-119.81529574,36.0752952924
31000US43300,-96.6774566889,33.6266411343
31000US44340,-81.7431337253,32.3967843113
31000US42900,-76.8237937476,42.7810994601
31000US39580,-78.4607944338,35.7571153333
31000US48580,-88.5419430705,42.6685214063
31000US26340,-88.3311798039,47.5714942338
31000US43740,-79.0282768957,39.9723566663
31000US20740,-91.2823140932,44.9389063674
31000US31940,-87.7737360495,45.431705622
31000US35380,-89.7088941522,29.809831992
31000US25900,-155.522866862,19.6022878482
31000US21420,-97.7826960708,36.3791078192
31000US38540,-112.224662634,42.6685778239
31000US35420,-81.4737966999,40.4408866609
31000US49780,-81.9444156717,39.9653016953
31000US32540,-95.7483776385,34.9238911496
31000US46140,-96.1663644088,36.2502796462
31000US15820,-85.327915824,37.3664910471
31000US30060,-92.5904020893,37.6582583753
31000US25860,-81.4544242719,35.81304523
31000US12740,-72.6148848453,44.2733670347
31000US46660,-83.2416171288,30.8291511641
31000US11140,-84.2975314202,32.2450655155
31000US35980,-72.1065529289,41.4668581904
31000US39020,-82.992975256,38.8039845378
31000US11660,-93.1764264689,34.0509851037
31000US42540,-75.8955978335,41.3232829283
31000US43660,-100.916408438,32.7462991406
31000US12620,-68.6495868825,45.4005688981
31000US11780,-80.7590311701,41.8963804919
31000US24500,-111.34722801,47.3081297024
31000US43980,-95.150953213,43.0824717835
31000US12580,-76.5511847223,39.305401709
31000US46820,-96.9756888956,42.9145539819
31000US15260,-81.5873847408,31.3057022243
31000US19000,-83.1408420134,35.2874039225
31000US10980,-83.1650822736,45.0310364902
31000US15380,-78.775168628,43.0377637345
31000US25460,-93.1645124723,36.0847094132
31000US13300,-97.7411336451,28.4174658644
31000US46980,-90.8787255599,32.1856466422
31000US32100,-87.5736485216,46.6624492083
31000US36830,-118.560256239,46.9835414531
31000US47240,-70.6988214978,41.3888276123
31000US12380,-92.7523071254,43.6714636033
31000US11580,-81.8094239921,27.1863955408
31000US47900,-77.4480377169,38.8171763299
31000US29820,-115.013476127,36.2150049637
31000US31300,-79.1034705125,34.640013877
31000US30780,-92.3969801491,34.7572739244
31000US44460,-106.991367724,40.4850449018
31000US13460,-121.227589877,43.9149998743
31000US19380,-84.1420809023,39.8296975655
31000US41060,-94.4720305265,45.5859832533
31000US29460,-81.6976865612,27.9488718382
31000US13500,-79.6785476624,34.6019320701
31000US14860,-73.371104851,41.2247426717
31000US41700,-98.6023705717,29.4286295762
31000US16060,-89.1902426467,37.7618278812
31000US30660,-89.3675302783,40.1245299217
31000US13660,-85.324690097,43.6409261758
31000US16820,-78.5763344593,37.8519915253
31000US16700,-80.0106668903,33.0167126843
31000US48780,-103.480178032,48.3437863003
31000US45500,-94.2136683504,33.4734883237
31000US41660,-100.672525181,31.3639308846
31000US36840,-95.2859715285,38.5645402595
31000US48820,-95.0048590587,45.1523291346
31000US40180,-108.630761283,43.0407906366
31000US16660,-88.2290997039,39.4206427017
31000US24020,-73.6488489791,43.4434943418
31000US19700,-107.749782205,32.1822095456
31000US22820,-103.810034809,40.2626772524
31000US27980,-156.775787329,20.9167947922
31000US41900,-67.101290813,18.0299849181
31000US44500,-98.2178431127,32.2361414932
31000US36780,-88.6447234586,44.0688903972
31000US33940,-108.268864742,38.4024738611
31000US33740,-92.2845749217,32.6869797422
31000US37580,-95.5711824746,33.667316608
31000US36620,-117.588620628,43.2260944571
31000US27220,-110.648839563,43.9176746441
31000US37220,-116.472375218,38.0407956416
31000US38500,-86.2618559536,41.3248475415
31000US13220,-81.1609392856,37.9061972964
31000US37340,-80.7012557618,28.3003040438
31000US40380,-77.5223081069,43.1495458109
31000US31540,-89.5923911329,43.0797669833
31000US32580,-98.1811392361,26.3966156853
31000US44580,-89.9141012764,41.7562803813
31000US45140,-94.9996343766,35.9065293999
31000US31620,-93.2273430473,33.2142421442
31000US14340,-93.9314456645,42.0364809855
31000US13380,-121.873662014,48.8294646452
31000US38700,-88.5579986477,40.8915328813
31000US45060,-76.0770096777,43.2010991024
31000US17420,-84.6675042817,35.1345599009
31000US44660,-96.9756234575,36.0772008335
31000US40980,-84.0529369083,43.3350362894
31000US48540,-80.841335372,39.9747166796
31000US28060,-114.049555587,48.2947864745
31000US47080,-82.4122023519,32.142247745
31000US15680,-76.529339966,38.216014074
31000US32660,-85.7784806658,35.678705859
31000US25980,-81.5723455272,31.7852416951
31000US28140,-94.4443675472,38.9372701529
31000US16500,-122.392393552,46.5775145934
31000US47660,-93.8063999381,38.7439960319
31000US30980,-94.8295840655,32.3719619271
31000US41400,-80.7772008309,40.7684208873
31000US34500,-88.9239653057,38.3004603591
31000US10660,-93.3488327094,43.673962722
31000US14700,-93.2236133367,36.6952877224
31000US34620,-85.3968421801,40.2275364679
31000US10100,-98.696146998,45.5213962468
31000US34580,-121.801655028,48.4822737949
31000US36300,-75.0690198993,44.4963079193
31000US25220,-90.4056880622,30.6266918952
31000US39420,-117.522985843,46.901153726
31000US44300,-77.8201268486,40.9192389899
31000US39260,-120.356642536,44.14245493
31000US38180,-100.369855766,44.5029416212
31000US25420,-77.1013153398,40.3266982536
31000US43580,-96.3727058478,42.5787527484
31000US42780,-77.0701200347,40.7698944378
31000US33180,-83.6740682147,36.7306883737
31000US27460,-79.4055310151,42.3029136016
31000US11900,-82.0450996428,39.333881385
31000US15620,-85.3370592106,44.3376128309
31000US33620,-92.4970902654,39.4401424283
31000US40080,-84.2938852266,37.5722130946
31000US19580,-84.4904181789,41.3239444348
31000US18500,-77.3836541107,42.2676957514
31000US46180,-88.6843579092,34.2644880278
31000US15860,-105.439971685,38.473306282
31000US35500,-93.0537891463,41.6861161941
31000US25820,-102.605111725,34.9659523089
31000US20660,-76.1786538197,38.7491977205
31000US16940,-104.689299671,41.3068854716
31000US46620,-99.762482238,29.3572946996
31000US43780,-86.1344727362,41.7735302637
31000US15980,-81.9153211468,26.5757568615
31000US46740,-85.3920573454,32.9144269046
31000US11620,-97.2858751481,34.2508117168
31000US15940,-81.2534432905,40.7186829585
31000US43620,-96.9901441313,43.4996137785
31000US12660,-89.9481919347,43.4268889102
31000US11740,-82.2707024928,40.8460911805
31000US42220,-122.92261429,38.5256098486
31000US39140,-112.554269462,34.5998426665
31000US12540,-118.729747705,35.3426955808
31000US42340,-81.2705478339,32.1068012115
31000US15220,-98.9998051954,31.7741908956
31000US34860,-94.6160998795,31.6163314969
31000US18180,-71.6802819785,43.2976369053
31000US47580,-83.6362528716,32.4075837415
31000US38100,-89.5898141269,30.7685912827
31000US33980,-76.5323977344,34.864054151
31000US34220,-83.7687789599,31.1882812837
31000US25700,-99.317021576,38.9145933176
31000US16220,-106.798494042,42.9623327968
31000US38920,-96.6150374493,28.4391220397
31000US17200,-72.1008298843,43.9700072122
31000US29660,-105.723768994,41.655135393
31000US32020,-83.160888239,40.5871193901
31000US18660,-76.0703620942,42.5950610081
31000US33860,-86.4032240087,32.3604016803
31000US32380,-93.2607916431,43.203609383
31000US13540,-73.0930210604,43.035409636
31000US12100,-74.6337409098,39.4688404904
31000US11860,-95.3135329275,39.5317395061
31000US16540,-77.7214083517,39.9271446608
31000US13620,-71.421472835,44.6997225673
31000US45980,-85.9410229618,31.8026485809
31000US49740,-113.905677955,32.7687072107
31000US22300,-83.6664801396,41.0019627255
31000US18980,-86.8676140372,34.1319073687
31000US41620,-113.010113937,40.4708176044
31000US49620,-76.7263625566,39.9197907112
31000US16620,-81.491459925,38.2718944504
31000US48900,-77.882844589,34.4282125229
31000US22860,-93.1840628015,31.1082772859
31000US45380,-89.2772152874,39.545755031
31000US37120,-85.6110681975,31.4317422879
31000US19420,-84.9243827047,35.6087622736
31000US22900,-94.5659937503,35.1904310381
31000US49180,-80.3457647121,36.0764240634
31000US44900,-85.3453921875,34.4750144482
31000US31900,-82.536406903,40.7747470538
31000US29180,-92.0451005137,29.9561064562
31000US49020,-78.4738529442,39.27218181
31000US28420,-119.254295497,46.36352843
31000US13180,-88.7074667839,43.4162435613
31000US36900,-92.4096212623,40.8791985348
31000US34540,-82.4214826379,40.3987520815
31000US13260,-86.4834849682,38.8412064535
31000US37300,-95.6526519692,31.8135871345
31000US15500,-79.3995030245,36.043962007
31000US31580,-87.5409094733,37.3088610893
31000US28580,-82.0044817202,24.854740643
31000US45180,-86.2040051005,33.173337461
31000US46220,-87.7216761352,33.1681846002
31000US13340,-83.7658079673,40.3883729995
31000US38740,-90.4066567535,36.7166241898
31000US45020,-100.406031586,32.3035533883
31000US26220,-121.651173792,45.5192012062
31000US17500,-81.165628926,26.5535999417
31000US20100,-75.5045972666,39.0960169142
31000US13820,-86.8140538712,33.4639635171
31000US44700,-121.271555237,37.9347511921
31000US27700,-81.9167364358,31.5514735816
31000US29700,-99.3314918067,27.7613102075
31000US38580,-82.1759039889,38.7980332157
31000US34460,-83.7490719033,38.0519697872
31000US35840,-82.3608660071,27.3453440666
31000US28100,-87.8619554541,41.1374973906
31000US29980,-87.395612081,35.2172738851
31000US15660,-84.875670246,34.5033584962
31000US48460,-91.8866140681,36.7741701041
31000US28900,-121.650459668,42.6866181153
31000US14740,-122.649047294,47.6397273224
31000US30460,-84.4330548185,38.0905601799
31000US38380,-101.826820472,34.0704504184
31000US38340,-73.2063662263,42.3706220308
31000US27180,-88.8530424039,35.6096928197
31000US24100,-74.4222278813,43.1138198799
31000US16580,-88.2946956019,40.2270416517
31000US47020,-97.1951025089,28.7277205877
31000US39460,-81.9500425371,26.9000052605
31000US21700,-123.915830424,40.7048483115
31000US42980,-86.0376253192,38.9064386718
31000US34820,-78.6346546486,33.9656571938
31000US20500,-79.0996453146,35.9907343581
31000US36580,-75.0325030004,42.6338108377
31000US10180,-99.7174645515,32.4499361274
31000US42620,-91.7455437851,35.256163485
31000US39660,-102.899924024,44.1912875767
31000US37780,-103.692702848,31.3228834053
31000US26420,-95.3541454257,29.7503697562
31000US28660,-97.7874160367,31.2079951365
31000US47980,-97.1886175093,44.977824911
31000US46520,-168.935151241,25.0477138326
31000US17140,-84.427372811,39.0716156349
31000US27920,-96.7525179142,39.0024359688
31000US27020,-88.0761945696,45.9464036643
31000US33700,-120.998140942,37.558951576
31000US35620,-73.902601012,40.897703148
31000US18420,-88.5801961159,34.8808304753
31000US46700,-121.940042281,38.2669951339
31000US15900,-90.2075244896,40.4727422888
31000US16300,-91.6316423086,42.0914843769
31000US18780,-108.207823655,40.6188345127
31000US41460,-97.6500656737,38.9586313567
31000US11700,-82.6826184842,35.6005863589
31000US20420,-107.843456804,37.2862811515
31000US43900,-81.8475615034,34.8381084623
31000US42300,-84.5294260597,46.3284869956
31000US34940,-81.380914066,26.0994167454
31000US22280,-119.189253179,39.0205479469
31000US34380,-84.8469635048,43.6406055328
31000US21140,-85.8586090241,41.5974594533
31000US39380,-104.51290831,38.1734992042
31000US46900,-99.2409053665,34.0806427667
31000US15020,-90.4540330958,31.5323535034
31000US38620,-97.1440429713,36.8178597585
31000US20820,-88.590017084,39.0598339446
31000US41180,-90.3503660884,38.7351909168
31000US21020,-76.2758697173,36.2594377858
31000US18300,-124.093295453,43.1848218879
31000US34780,-95.3794732348,35.6161291794
31000US14720,-106.11641737,39.6342154336
31000US23940,-105.548172117,44.2484518554
31000US13060,-96.0040043031,28.7858415159
31000US38840,-83.0202310064,41.5938390659
31000US31930,-81.4953741284,39.4553117991
31000US19060,-78.8051703896,39.5317523742
31000US47920,-83.4561150086,39.5598451948
31000US12140,-84.9992307867,41.397582403
31000US41780,-82.5763502343,41.4707327976
31000US29540,-76.2476550719,40.0423174236
31000US26860,-79.087473687,40.6519780298
31000US12060,-84.3500810499,33.3473866655
31000US13940,-112.397613676,43.2163387063
31000US28540,-131.033742973,55.4921518415
31000US35020,-91.5270291699,31.4605803111
31000US22340,-83.2204435605,31.7597649228
31000US39500,-91.3855165333,40.028132864
31000US45580,-84.3000916466,32.9416085485
31000US27100,-84.42341415,42.2484218081
31000US40100,-98.7383264801,26.5622691298
31000US19740,-105.039410554,39.8837723939
31000US30380,-77.6169492163,40.6105015396
31000US19780,-93.9403731163,41.5476576904
31000US40260,-77.5420246142,36.3262052396
31000US46380,-123.431531337,39.4337724548
31000US41980,-66.0392584913,18.2952761223
31000US19460,-87.1029704825,34.4907547008
31000US41820,-79.1714496182,35.4751681708
31000US34340,-80.6874850207,36.4146048242
31000US19540,-84.9367015629,40.7455975312
31000US49700,-121.51801973,39.1552060143
31000US17620,-66.3601759554,18.0973127191
31000US31860,-94.1356500344,44.1544767223
31000US33580,-97.9667453608,43.6745522508
31000US37020,-84.1467608161,42.9537619463
31000US25620,-89.22889751,31.18735619
31000US40060,-77.4734582573,37.4623449971
31000US36820,-92.640839279,41.3352663627
31000US19940,-89.3002858599,41.7462525041
31000US19760,-93.3434081422,30.6483395776
31000US40620,-91.7926790887,37.8770970579
31000US31700,-71.7161066661,42.9153929965
31000US29260,-118.009106718,45.3103299442
31000US38660,-66.6804406259,18.0136285747
31000US35440,-123.907646243,44.6455258306
31000US38900,-122.478497015,45.5979268574
31000US49080,-118.11192854,41.4064500584
31000US27740,-82.3345545953,36.253715819
31000US13900,-100.990976721,46.7269113024
31000US44060,-117.571754358,48.1937116983
31000US40780,-93.2344714089,35.2111424641
31000US32180,-93.2018914735,39.136847656
31000US44180,-93.1770008189,37.3616948959
31000US27620,-92.0915498868,38.6397224611
31000US11680,-96.8373997206,37.2377545162
31000US12680,-85.4660321157,37.8051539332
31000US19260,-79.3975133821,36.8112541346
31000US21180,-79.8759592282,38.7747161793
31000US31380,-90.67778551,40.4562084979
31000US19300,-87.7497372193,30.6610697392
31000US14620,-78.5689760825,41.8078972629
31000US33220,-84.3882902732,43.6467757602
31000US24140,-78.0041149989,35.363829426
31000US36380,-80.8886666812,27.3862443969
31000US29740,-106.832774232,32.3525162423
31000US24660,-79.7915844775,36.0253333012
31000US37980,-75.311417674,39.8956236538
31000US36220,-102.542646219,31.8692785959
31000US21740,-110.547322848,41.2876710282
31000US43260,-106.879343054,44.790192163
31000US37620,-81.4627315213,39.1388786305
31000US20540,-89.4137255507,36.059052492
31000US36540,-95.9988377959,41.2904071662
31000US21660,-122.876267685,43.9412922921
31000US42660,-121.881352254,47.5571977468
31000US29420,-113.757902101,35.7042784079
31000US43500,-108.382502965,32.7391501051
31000US20020,-85.4614748251,31.2531842266
31000US20260,-92.3926822612,47.318071045
31000US21980,-118.336295429,39.5807621931
31000US42700,-81.3411743696,27.3434314316
31000US26460,-73.6318654221,42.2500648898
31000US18620,-96.4720658925,32.0467570872
31000US32980,-89.7345087411,45.3374041906
31000US42460,-86.075746256,34.6556745908
31000US26500,-77.9811624739,40.4169386444
31000US43460,-89.5685477452,37.0530105995
31000US26660,-95.3658846357,30.9040929799
31000US28780,-97.6478947448,27.1077925636
31000US47420,-96.7839204024,46.2963033737
31000US33420,-98.3129767612,32.7530996148
31000US36940,-93.2261170907,44.0223910198
31000US10500,-84.1739000468,31.5894918151
31000US16340,-85.1881280833,34.0017694695
31000US18740,-81.9201630512,40.3016165458
31000US18700,-123.42928117,44.4918721522
31000US35740,-97.4901582998,42.0433383146
31000US43940,-103.792220891,44.3586490072
31000US23060,-85.2167392863,41.0058490688
31000US14660,-94.2434438966,46.7990623282
31000US23700,-108.26161683,35.5800151534
31000US21060,-85.9738959787,37.7377103843
31000US42020,-120.45251732,35.3878827115
31000US39340,-112.352382014,39.8646862107
31000US34180,-119.451410118,47.2057394348
31000US23660,-90.2131050121,40.9318394299
31000US41140,-94.7834906145,39.8342071675
31000US42180,-66.3866965833,17.9530053809
31000US39820,-122.040613754,40.7635559531
31000US21340,-105.540703601,31.512841431
31000US18260,-85.4664656062,36.278027713
31000US23900,-77.2178945348,39.8714982312
31000US20940,-115.365442421,33.0392590658
31000US30900,-86.3459541891,40.761561772
31000US31820,-87.5120067463,44.1108508877
31000US47180,-87.4179834138,38.6891872555
31000US11220,-74.4397688762,42.902263015
31000US39060,-76.2159337776,40.7057644736
31000US12020,-83.2137591605,33.9490040318
31000US45900,-85.9058612579,44.9412696248
31000US34900,-122.330564903,38.506490055
31000US25760,-90.8481565221,34.4285643004
31000US34980,-86.7243242301,36.0892900269
31000US30580,-100.851242145,37.1933804151
31000US22380,-111.770460973,35.8389994472
31000US18900,-84.9983682696,35.9503535915
31000US26700,-98.2781432795,44.4144925366
31000US17260,-90.6027079119,34.2291635388
31000US35100,-77.0240823588,35.1030711617
31000US22420,-83.7067421496,43.0216884053
31000US39940,-111.516865333,44.1405049488
31000US45460,-87.3437039396,39.3913269196
31000US41500,-121.309150131,36.2403731467
31000US13980,-80.5329514942,37.1206891063
31000US35260,-80.3342078688,40.9913700916
31000US22540,-88.4882640276,43.7535493299
31000US18860,-123.95748969,41.7447911663
31000US40220,-79.9467637065,37.2860651106
31000US47380,-97.089866926,31.4262768624
31000US28700,-82.4425937079,36.6076473527
31000US41860,-122.651689946,37.754336867
31000US29100,-91.3194113482,43.7794173246
31000US19500,-88.9616189483,39.8599117985
31000US23380,-83.1440653587,41.3574802957
31000US43220,-123.183020986,47.3503842503
31000US43320,-110.321383209,35.3998235607
31000US35580,-94.7272426926,44.2421266377
31000US35660,-86.6856770917,41.9958494507
31000US18460,-83.5310776263,34.631046497
31000US42680,-80.5741258027,27.696511829
31000US17740,-85.0590182695,41.9161823363
31000US25100,-101.490238749,36.7480211676
31000US40580,-77.7986078328,35.9410861847
31000US37140,-88.6717949698,37.1379406786
31000US40660,-85.2142562963,34.2631677869
31000US18220,-85.1786930283,39.640051495
31000US31740,-96.5069086638,39.3444059061
31000US14010,-88.8618513096,40.4104653203
31000US32780,-122.728261959,42.4323301352
31000US25060,-88.9803305538,30.4305870331
31000US20060,-82.8491655828,31.5493758222
31000US31060,-106.30728202,35.8693785569
31000US26300,-93.1504464375,34.5766354625
31000US27780,-78.7137566637,40.4951509003
31000US44020,-95.1509358641,43.3778704084
31000US40740,-104.467144506,33.3628856379
31000US31180,-101.644825896,33.4678731904
31000US28180,-160.074271728,21.873734657
31000US44140,-72.6464805298,42.2300744339
31000US43760,-119.954640627,38.0275911442
31000US26090,-86.2916566409,42.593640286
31000US11640,-66.7592156681,18.439816523
31000US27540,-87.0342833001,38.3794933304
31000US17540,-90.5321052453,41.8980742599
31000US20460,-96.2597734522,33.962219172
31000US21840,-91.9489146371,41.0319101554
31000US32300,-79.8736405298,36.6828202605
31000US29500,-101.947700003,32.7425548347
31000US26820,-112.428121724,43.6225080886
31000US44940,-80.3821832303,33.9161761413
31000US36260,-112.816596296,41.4327413001
31000US21780,-87.5789039955,37.9710840448
31000US33060,-94.8104971294,36.8356696858
31000US24740,-90.9475139643,33.2834982955
31000US37660,-95.29755191,37.1913549299
31000US20580,-100.31457653,28.7426432264
31000US36500,-122.831644143,46.9293659687
31000US23500,-81.6203257128,35.0482703095
31000US38060,-112.070305012,33.1855289329
31000US20220,-90.8824997829,42.4687887756
31000US42740,-93.2853156131,38.7282699881
31000US37460,-85.4772919256,30.1001585167
31000US20340,-97.8514912144,34.4855300956
31000US36460,-78.6784978564,42.2485709093
31000US42420,-103.73831728,42.1593710807
31000US26540,-85.4881769743,40.8293686727
31000US43420,-109.751340946,31.8792134093
31000US25580,-98.5011926103,40.5244875417
31000US26940,-90.5885976354,33.6023267
31000US26620,-86.7347520809,34.7831687644
31000US33780,-83.4942629733,41.9214418766
31000US35060,-93.0963628709,31.7235725907
31000US19220,-84.7333865655,37.514909645
31000US33460,-93.3460087616,45.06527008
31000US41760,-116.600640321,48.2996112777
31000US26780,-94.2723787449,44.8235359302
31000US10540,-122.534414589,44.4886528395
31000US44980,-76.7092333077,40.8520420826
31000US40420,-89.041977193,42.3315692672
31000US33540,-113.923565607,47.0362945635
31000US37060,-89.4848165525,34.3568107682
31000US36860,-89.1733126068,41.3571332074
31000US22800,-91.4130808735,40.4745080903
31000US10420,-81.3493245703,41.1488036623
31000US42380,-76.5155107528,41.7885681294
31000US16260,-113.289166448,37.8588416788
31000US46540,-75.1812770609,43.3372829795
31000US47540,-84.2218762784,40.5608072132
31000US29900,-79.4803609619,34.8408649068
31000US34260,-92.336908344,36.2870006236
31000US39300,-71.4775923281,41.4282408482
31000US48620,-97.3978910857,37.6252274485
31000US30420,-99.8228985359,40.7593640715
31000US34140,-116.711640977,46.816173691
31000US23620,-97.2128226411,33.6392446178
31000US27140,-90.22025553,32.316974748
31000US41100,-113.505168436,37.2804982561
31000US42140,-105.976186963,35.5067303703
31000US23580,-83.8196762352,34.3168765333
31000US49300,-81.8881233132,40.8287380942
31000US21300,-76.7601148486,42.1412732889
31000US40540,-108.879187042,41.6598432746
31000US38260,-94.8518505088,37.5072860574
31000US20900,-96.2222539791,29.2777962031
31000US30940,-84.0471411701,36.9210989042
31000US40140,-116.130317225,34.5520371622
31000US30860,-111.768954873,41.8896618985
31000US11260,-149.552909268,62.2233894378
31000US16460,-88.9189840293,38.6495798113
31000US33260,-101.991068685,32.0896544009
31000US15740,-81.494255112,40.0520673673
31000US30340,-70.2064320217,44.1657304655
31000US12900,-91.5698617629,35.7415207113
31000US11060,-99.414839105,34.5878699603
31000US33300,-83.0898895957,33.1982557839
31000US24620,-82.8457994211,36.1753670028
31000US27060,-76.4736204369,42.4520181985
31000US17220,-80.4303894701,39.2885692692
31000US35140,-81.600144991,34.2898105191
31000US43380,-84.2047347813,40.3315970141
31000US29860,-89.1441118044,31.818061399
31000US41540,-75.4774849968,38.4021000862
31000US35220,-85.3964980757,39.930966727
31000US22500,-79.8084342727,34.1519979014
31000US18820,-86.893331603,40.0403488713
31000US46300,-114.570845865,42.4355876583
31000US17380,-90.8802635606,33.7953986325
31000US45300,-82.4638309567,28.1254943444
31000US48700,-77.0646099846,41.3434025336
31000US46060,-111.789377807,32.0971004644
31000US30260,-77.0622678966,40.9629853054
31000US48020,-88.7758890149,43.0209086245
31000US45220,-84.2815428979,30.3868800476
31000US24820,-84.6193398434,40.1333512608
31000US38240,-79.4813362305,35.310680088
31000US29020,-86.116852357,40.4836329297
31000US25200,-114.199432195,43.3241178042
31000US11420,-85.0007502292,41.6439487714
31000US29380,-82.6216032329,30.2241508618
31000US24980,-89.8019166665,33.7698661424
31000US46780,-84.586153379,40.8554136197
31000US17700,-95.7428680686,37.1925533506
31000US16380,-84.6293475406,40.5400582682
31000US37860,-87.1560517765,30.6593618121
31000US46460,-89.3325303837,36.4752363498
31000US35700,-110.846672118,31.5259697469
31000US32740,-80.1061633148,41.6846448932
31000US25020,-66.0698366288,17.9804436296
31000US31020,-122.680661337,46.1933857714
31000US31980,-85.6548517153,40.5157095086
31000US40700,-123.180024173,43.2854488671
31000US31140,-85.6711572429,38.3368661764
31000US44100,-89.6967834744,39.8295543923
31000US26900,-86.2062740756,39.7475412564
31000US27500,-89.071542913,42.6712038679
31000US42200,-119.703823912,34.062907179
31000US22180,-78.980338504,35.03687634
31000US32340,-94.8834783777,40.3607736245
31000US32260,-92.9988997833,42.0359134697
31000US13700,-101.478046046,32.0886092654
31000US45940,-74.7017797239,40.2833790174
31000US25720,-111.168355149,40.3304006026
31000US34300,-115.469163668,43.3537937846
31000US14180,-90.0541625659,35.7637278576
31000US45860,-73.2454403741,41.7924540841
